<Böcker>
  <Bra>Misty Nights</Bra>
  <Dålig>Archeology in Egypt</Dålig>
  <Dålig>Database Systems in Practice</Dålig>
  <Bra>Contact</Bra>
  <Bra>The Fourth Star</Bra>
  <Dålig>Våren vid sjön</Dålig>
  <Bra>Dödliga Data</Bra>
  <Dålig>Music Now and Before</Dålig>
  <Dålig>Midsommar i Lund</Dålig>
  <Oklar>Encore une fois</Oklar>
  <Dålig>European History</Dålig>
  <Dålig>Musical Instruments</Dålig>
  <Dålig>Oceans on Earth</Dålig>
  <Dålig>The Beach House</Dålig>
  <Oklar>Le chateau de mon pere</Oklar>
  <Dålig>Oceanography for Dummies</Dålig>
</Böcker>